N,P,entropy,rsquared,cycles,heap sort,insertion sort,merge sort,selection sort,smooth sort,tim sort
100, 0.000000, 0.000000, 1.000000, 10, 0.000000, 0.000000, 0.100000, 0.100000, 0.300000, 0.100000
100, 0.000000, 0.000000, 1.000000, 10, 0.000000, 0.100000, 0.100000, 0.000000, 0.100000, 0.100000
100, 0.000000, 0.000000, 1.000000, 10, 0.000000, 0.100000, 0.000000, 0.000000, 0.100000, 0.000000
100, 0.000000, 0.000000, 1.000000, 10, 0.100000, 0.000000, 0.000000, 0.000000, 0.500000, 0.000000
100, 0.000000, 0.000000, 1.000000, 10, 0.100000, 0.000000, 0.000000, 0.000000, 0.000000, 0.100000
100, 0.000000, 0.000000, 1.000000, 10, 0.100000, 0.100000, 0.000000, 0.100000, 0.200000, 0.100000
100, 0.000000, 0.000000, 1.000000, 10, 0.100000, 0.000000, 0.000000, 0.100000, 0.100000, 0.100000
100, 0.000000, 0.000000, 1.000000, 10, 0.000000, 0.000000, 0.100000, 0.100000, 0.300000, 0.000000
100, 0.000000, 0.000000, 1.000000, 10, 0.100000, 0.000000, 0.100000, 0.100000, 0.000000, 0.100000
100, 0.000000, 0.000000, 1.000000, 10, 0.200000, 0.100000, 0.000000, 0.100000, 0.100000, 0.000000
100, 0.100000, 1.509855, 0.817589, 10, 0.100000, 0.000000, 0.200000, 0.000000, 0.100000, 0.100000
100, 0.100000, 1.449171, 0.809082, 10, 0.200000, 0.100000, 0.000000, 0.100000, 0.000000, 0.000000
100, 0.100000, 1.879992, 0.647955, 10, 0.100000, 0.000000, 0.100000, 0.100000, 0.100000, 0.000000
100, 0.100000, 1.489555, 0.720864, 10, 0.000000, 0.000000, 0.100000, 0.000000, 0.100000, 0.000000
100, 0.100000, 2.204821, 0.555738, 10, 0.100000, 0.100000, 0.000000, 0.100000, 0.200000, 0.000000
100, 0.100000, 1.699616, 0.728403, 10, 0.100000, 0.000000, 0.200000, 0.000000, 0.200000, 0.000000
100, 0.100000, 1.470460, 0.567719, 10, 0.100000, 0.000000, 0.100000, 0.000000, 0.200000, 0.100000
100, 0.100000, 1.343136, 0.870708, 10, 0.000000, 0.100000, 0.200000, 0.200000, 0.000000, 0.000000
100, 0.100000, 1.348368, 0.906752, 10, 0.000000, 0.000000, 0.100000, 0.000000, 0.400000, 0.100000
100, 0.100000, 1.281533, 0.863221, 10, 0.000000, 0.100000, 0.100000, 0.100000, 0.100000, 0.000000
100, 0.250000, 3.271691, 0.307461, 10, 0.100000, 0.000000, 0.100000, 0.000000, 0.300000, 0.100000
100, 0.250000, 2.625586, 0.581950, 10, 0.200000, 0.100000, 0.000000, 0.200000, 0.000000, 0.100000
100, 0.250000, 3.358256, 0.285098, 10, 0.200000, 0.100000, 0.000000, 0.100000, 0.300000, 0.000000
100, 0.250000, 2.831430, 0.501687, 10, 0.200000, 0.000000, 0.200000, 0.000000, 0.100000, 0.100000
100, 0.250000, 2.850334, 0.506151, 10, 0.100000, 0.000000, 0.100000, 0.000000, 0.200000, 0.000000
100, 0.250000, 2.507615, 0.699564, 10, 0.100000, 0.100000, 0.000000, 0.100000, 0.100000, 0.000000
100, 0.250000, 2.970801, 0.577709, 10, 0.000000, 0.100000, 0.100000, 0.100000, 0.200000, 0.000000
100, 0.250000, 2.911151, 0.245799, 10, 0.000000, 0.200000, 0.100000, 0.000000, 0.300000, 0.100000
100, 0.250000, 2.858964, 0.398599, 10, 0.100000, 0.000000, 0.100000, 0.100000, 0.100000, 0.000000
100, 0.250000, 2.463708, 0.431105, 10, 0.200000, 0.100000, 0.000000, 0.100000, 0.200000, 0.000000
100, 0.500000, 3.859698, 0.076105, 10, 0.100000, 0.100000, 0.000000, 0.100000, 0.200000, 0.100000
100, 0.500000, 3.791485, 0.105472, 10, 0.300000, 0.300000, 0.100000, 0.000000, 0.100000, 0.000000
100, 0.500000, 3.906520, 0.260091, 10, 0.000000, 0.100000, 0.200000, 0.100000, 0.100000, 0.000000
100, 0.500000, 3.664360, 0.435592, 10, 0.000000, 0.200000, 0.000000, 0.100000, 0.200000, 0.100000
100, 0.500000, 3.906520, 0.264232, 10, 0.100000, 0.000000, 0.100000, 0.100000, 0.200000, 0.100000
100, 0.500000, 3.834548, 0.159578, 10, 0.100000, 0.100000, 0.000000, 0.100000, 0.200000, 0.100000
100, 0.500000, 3.574438, 0.098641, 10, 0.100000, 0.200000, 0.200000, 0.000000, 0.100000, 0.100000
100, 0.500000, 3.766327, 0.147578, 10, 0.100000, 0.100000, 0.200000, 0.000000, 0.200000, 0.100000
100, 0.500000, 3.700569, 0.089013, 10, 0.100000, 0.000000, 0.100000, 0.000000, 0.200000, 0.200000
100, 0.500000, 3.739182, 0.156192, 10, 0.200000, 0.100000, 0.100000, 0.000000, 0.300000, 0.100000
100, 0.750000, 4.019258, 0.080941, 10, 0.100000, 0.300000, 0.000000, 0.100000, 0.200000, 0.100000
100, 0.750000, 4.027196, 0.108668, 10, 0.100000, 0.000000, 0.200000, 0.100000, 0.200000, 0.000000
100, 0.750000, 4.038353, 0.016796, 10, 0.000000, 0.100000, 0.100000, 0.000000, 0.500000, 0.100000
100, 0.750000, 4.014025, 0.029510, 10, 0.300000, 0.000000, 0.100000, 0.000000, 0.200000, 0.100000
100, 0.750000, 3.983772, 0.024206, 10, 0.100000, 0.100000, 0.100000, 0.200000, 0.200000, 0.100000
100, 0.750000, 4.055614, 0.001001, 10, 0.100000, 0.000000, 0.100000, 0.000000, 0.400000, 0.000000
100, 0.750000, 3.990839, 0.001703, 10, 0.000000, 0.200000, 0.000000, 0.000000, 0.600000, 0.100000
100, 0.750000, 4.017423, 0.037608, 10, 0.200000, 0.200000, 0.100000, 0.000000, 0.100000, 0.000000
100, 0.750000, 3.909917, 0.046562, 10, 0.100000, 0.200000, 0.100000, 0.100000, 0.200000, 0.100000
100, 0.750000, 3.972436, 0.009668, 10, 0.100000, 0.100000, 0.200000, 0.100000, 0.100000, 0.200000
100, 0.800000, 3.994930, 0.059312, 10, 0.200000, 0.200000, 0.100000, 0.100000, 0.100000, 0.100000
100, 0.800000, 4.016731, 0.088148, 10, 0.200000, 0.100000, 0.100000, 0.100000, 0.100000, 0.100000
100, 0.800000, 4.008100, 0.027752, 10, 0.200000, 0.100000, 0.200000, 0.200000, 0.200000, 0.000000
100, 0.800000, 4.071311, 0.004744, 10, 0.200000, 0.000000, 0.000000, 0.100000, 0.400000, 0.100000
100, 0.800000, 3.965819, 0.049171, 10, 0.100000, 0.100000, 0.000000, 0.200000, 0.100000, 0.100000
100, 0.800000, 4.030594, 0.064543, 10, 0.200000, 0.100000, 0.100000, 0.100000, 0.200000, 0.100000
100, 0.800000, 3.970873, 0.014541, 10, 0.200000, 0.000000, 0.200000, 0.100000, 0.200000, 0.000000
100, 0.800000, 4.019258, 0.000725, 10, 0.100000, 0.300000, 0.000000, 0.100000, 0.100000, 0.200000
100, 0.800000, 3.981067, 0.001367, 10, 0.100000, 0.000000, 0.200000, 0.100000, 0.300000, 0.100000
100, 0.800000, 4.014025, 0.011306, 10, 0.000000, 0.200000, 0.000000, 0.100000, 0.200000, 0.000000
100, 1.000000, 4.017423, 0.005970, 10, 0.200000, 0.100000, 0.100000, 0.100000, 0.300000, 0.000000
100, 1.000000, 3.952649, 0.004460, 10, 0.200000, 0.100000, 0.100000, 0.100000, 0.300000, 0.000000
100, 1.000000, 4.062681, 0.016345, 10, 0.000000, 0.100000, 0.000000, 0.100000, 0.300000, 0.100000
100, 1.000000, 3.980374, 0.013937, 10, 0.100000, 0.200000, 0.100000, 0.100000, 0.200000, 0.000000
100, 1.000000, 3.873561, 0.004167, 10, 0.200000, 0.000000, 0.100000, 0.100000, 0.300000, 0.100000
100, 1.000000, 4.099037, 0.012955, 10, 0.200000, 0.100000, 0.000000, 0.000000, 0.300000, 0.100000
100, 1.000000, 3.966512, 0.008147, 10, 0.100000, 0.100000, 0.000000, 0.100000, 0.300000, 0.200000
100, 1.000000, 4.027888, 0.000328, 10, 0.100000, 0.000000, 0.200000, 0.000000, 0.400000, 0.000000
100, 1.000000, 4.010627, 0.000881, 10, 0.100000, 0.200000, 0.100000, 0.100000, 0.200000, 0.000000
100, 1.000000, 4.130161, 0.004774, 10, 0.000000, 0.200000, 0.200000, 0.000000, 0.400000, 0.100000
250, 0.000000, 0.000000, 1.000000, 10, 0.100000, 0.000000, 0.200000, 0.300000, 0.200000, 0.300000
250, 0.000000, 0.000000, 1.000000, 10, 0.100000, 0.100000, 0.200000, 0.400000, 0.200000, 0.200000
250, 0.000000, 0.000000, 1.000000, 10, 0.000000, 0.000000, 0.200000, 0.100000, 0.600000, 0.200000
250, 0.000000, 0.000000, 1.000000, 10, 0.200000, 0.000000, 0.500000, 0.500000, 0.300000, 0.100000
250, 0.000000, 0.000000, 1.000000, 10, 0.300000, 0.100000, 0.100000, 0.300000, 0.100000, 0.100000
250, 0.000000, 0.000000, 1.000000, 10, 0.200000, 0.000000, 0.300000, 0.400000, 0.200000, 0.200000
250, 0.000000, 0.000000, 1.000000, 10, 0.200000, 0.000000, 0.300000, 0.400000, 0.000000, 0.300000
250, 0.000000, 0.000000, 1.000000, 10, 0.400000, 0.000000, 0.300000, 0.200000, 0.400000, 0.100000
250, 0.000000, 0.000000, 1.000000, 10, 0.300000, 0.000000, 0.600000, 0.400000, 0.300000, 0.200000
250, 0.000000, 0.000000, 1.000000, 10, 0.500000, 0.000000, 0.100000, 0.300000, 0.300000, 0.000000
250, 0.100000, 1.648714, 0.780091, 10, 0.100000, 0.300000, 0.200000, 0.500000, 0.800000, 0.400000
250, 0.100000, 1.717566, 0.908969, 10, 0.000000, 0.000000, 0.300000, 0.400000, 0.000000, 0.600000
250, 0.100000, 2.040885, 0.652628, 10, 0.000000, 0.300000, 0.500000, 0.200000, 0.700000, 0.200000
250, 0.100000, 1.721570, 0.885619, 10, 0.100000, 0.300000, 0.500000, 0.200000, 0.600000, 0.200000
250, 0.100000, 2.327169, 0.685781, 10, 0.300000, 0.400000, 0.100000, 0.300000, 0.600000, 0.100000
250, 0.100000, 2.243832, 0.766920, 10, 0.200000, 0.500000, 0.000000, 0.300000, 0.500000, 0.100000
250, 0.100000, 2.025495, 0.630981, 10, 0.300000, 0.200000, 0.200000, 0.500000, 0.500000, 0.000000
250, 0.100000, 1.170240, 0.898522, 10, 0.100000, 0.100000, 0.600000, 0.300000, 0.500000, 0.200000
250, 0.100000, 2.524523, 0.650258, 10, 0.500000, 0.200000, 0.100000, 0.700000, 0.300000, 0.200000
250, 0.100000, 1.505089, 0.871544, 10, 0.100000, 0.200000, 0.300000, 0.200000, 0.400000, 0.300000
250, 0.250000, 3.640051, 0.409706, 10, 0.200000, 0.500000, 0.300000, 0.500000, 0.600000, 0.100000
250, 0.250000, 3.421153, 0.594553, 10, 0.100000, 0.400000, 0.300000, 0.600000, 0.500000, 0.600000
250, 0.250000, 3.681593, 0.398600, 10, 0.200000, 0.900000, 0.100000, 0.700000, 0.400000, 0.600000
250, 0.250000, 3.734745, 0.455382, 10, 0.700000, 0.600000, 0.300000, 0.400000, 0.600000, 0.200000
250, 0.250000, 3.466889, 0.529620, 10, 0.600000, 0.200000, 0.700000, 0.300000, 0.900000, 0.100000
250, 0.250000, 3.474374, 0.486629, 10, 0.500000, 0.400000, 0.600000, 0.200000, 1.100000, 0.100000
250, 0.250000, 3.068475, 0.552879, 10, 0.100000, 0.600000, 0.200000, 0.900000, 0.300000, 0.500000
250, 0.250000, 3.830179, 0.418650, 10, 0.100000, 0.500000, 0.200000, 0.600000, 0.500000, 0.400000
250, 0.250000, 3.249873, 0.479648, 10, 0.300000, 0.300000, 0.300000, 0.600000, 0.400000, 0.300000
250, 0.250000, 3.303965, 0.538814, 10, 0.300000, 0.300000, 0.300000, 0.300000, 0.600000, 0.000000
250, 0.500000, 4.585189, 0.104519, 10, 0.600000, 0.400000, 0.600000, 0.200000, 0.800000, 0.100000
250, 0.500000, 4.620084, 0.205207, 10, 0.200000, 0.500000, 0.300000, 0.300000, 0.700000, 0.200000
250, 0.500000, 4.561322, 0.137644, 10, 1.200000, 0.700000, 0.500000, 0.300000, 0.800000, 0.100000
250, 0.500000, 4.672077, 0.096389, 10, 0.500000, 0.600000, 0.200000, 0.300000, 0.900000, 0.200000
250, 0.500000, 4.701373, 0.226384, 10, 0.200000, 0.800000, 0.200000, 0.400000, 0.800000, 0.000000
250, 0.500000, 4.582627, 0.173044, 10, 0.100000, 0.800000, 0.200000, 0.700000, 0.700000, 0.100000
250, 0.500000, 4.600574, 0.121079, 10, 0.400000, 0.700000, 0.100000, 0.400000, 0.800000, 0.200000
250, 0.500000, 4.655707, 0.080138, 10, 0.100000, 0.900000, 0.200000, 0.600000, 0.800000, 0.100000
250, 0.500000, 4.630393, 0.220081, 10, 0.400000, 0.600000, 0.400000, 0.200000, 0.800000, 0.100000
250, 0.500000, 4.557941, 0.226917, 10, 0.300000, 0.600000, 0.200000, 0.400000, 0.700000, 0.100000
250, 0.750000, 4.971261, 0.007555, 10, 0.300000, 0.900000, 0.300000, 0.300000, 0.800000, 0.400000
250, 0.750000, 4.896455, 0.058014, 10, 0.500000, 0.700000, 0.400000, 0.400000, 0.800000, 0.100000
250, 0.750000, 4.959894, 0.051971, 10, 0.400000, 0.800000, 0.300000, 0.200000, 0.800000, 0.200000
250, 0.750000, 4.895168, 0.024263, 10, 0.100000, 0.800000, 0.500000, 0.400000, 1.000000, 0.000000
250, 0.750000, 4.909602, 0.037961, 10, 0.500000, 0.900000, 0.400000, 0.300000, 0.900000, 0.000000
250, 0.750000, 4.999721, 0.039378, 10, 0.100000, 1.000000, 0.300000, 0.700000, 0.900000, 0.100000
250, 0.750000, 4.940360, 0.034562, 10, 0.300000, 1.000000, 0.100000, 0.400000, 0.600000, 0.300000
250, 0.750000, 4.882081, 0.026097, 10, 0.500000, 0.500000, 0.800000, 0.100000, 1.000000, 0.100000
250, 0.750000, 4.838068, 0.058572, 10, 0.700000, 0.900000, 0.100000, 0.300000, 0.800000, 0.200000
250, 0.750000, 4.939349, 0.037211, 10, 0.100000, 1.000000, 0.100000, 0.800000, 0.800000, 0.200000
250, 0.800000, 4.919995, 0.016187, 10, 0.100000, 1.000000, 1.300000, 0.600000, 0.600000, 0.300000
250, 0.800000, 4.875241, 0.058957, 10, 0.100000, 0.900000, 0.200000, 1.000000, 0.900000, 0.200000
250, 0.800000, 4.905685, 0.070384, 10, 0.300000, 0.900000, 0.100000, 0.500000, 0.800000, 0.300000
250, 0.800000, 4.865169, 0.057749, 10, 0.600000, 1.000000, 0.200000, 0.400000, 0.700000, 0.200000
250, 0.800000, 4.987896, 0.042639, 10, 0.400000, 1.200000, 0.300000, 0.600000, 0.500000, 0.300000
250, 0.800000, 4.832703, 0.040714, 10, 0.100000, 0.800000, 0.300000, 0.500000, 0.500000, 0.300000
250, 0.800000, 4.939734, 0.036864, 10, 0.100000, 0.800000, 0.100000, 0.600000, 0.900000, 0.200000
250, 0.800000, 4.927356, 0.025612, 10, 0.500000, 0.400000, 0.500000, 0.300000, 0.900000, 0.100000
250, 0.800000, 4.957729, 0.042497, 10, 0.100000, 0.900000, 0.200000, 0.600000, 0.700000, 0.200000
250, 0.800000, 4.910998, 0.038421, 10, 0.400000, 0.600000, 0.400000, 0.400000, 0.900000, 0.000000
250, 1.000000, 4.900881, 0.003423, 10, 0.100000, 1.000000, 0.000000, 0.600000, 0.400000, 0.600000
250, 1.000000, 4.947721, 0.001271, 10, 0.700000, 0.800000, 0.500000, 0.300000, 0.900000, 0.100000
250, 1.000000, 4.961181, 0.014394, 10, 0.400000, 0.800000, 0.100000, 0.400000, 0.800000, 0.300000
250, 1.000000, 4.899799, 0.000464, 10, 0.100000, 1.000000, 0.200000, 0.600000, 0.500000, 0.200000
250, 1.000000, 4.946987, 0.001198, 10, 0.200000, 0.800000, 0.300000, 0.500000, 0.700000, 0.200000
250, 1.000000, 4.968086, 0.004295, 10, 0.100000, 1.000000, 0.100000, 0.400000, 0.700000, 0.300000
250, 1.000000, 4.970179, 0.003058, 10, 0.300000, 0.800000, 0.400000, 0.100000, 0.800000, 0.100000
250, 1.000000, 4.917168, 0.000160, 10, 0.000000, 0.900000, 0.200000, 0.500000, 0.800000, 0.200000
250, 1.000000, 5.018726, 0.006665, 10, 0.300000, 0.900000, 0.300000, 0.300000, 0.700000, 0.100000
250, 1.000000, 4.952184, 0.013386, 10, 0.300000, 1.000000, 0.100000, 0.400000, 0.800000, 0.000000
500, 0.000000, 0.000000, 1.000000, 10, 0.600000, 0.000000, 0.500000, 1.100000, 0.300000, 0.500000
500, 0.000000, 0.000000, 1.000000, 10, 0.400000, 0.000000, 0.500000, 1.500000, 0.400000, 0.400000
500, 0.000000, 0.000000, 1.000000, 10, 0.400000, 0.000000, 0.700000, 1.200000, 0.300000, 0.200000
500, 0.000000, 0.000000, 1.000000, 10, 0.200000, 0.200000, 0.300000, 1.600000, 0.300000, 0.300000
500, 0.000000, 0.000000, 1.000000, 10, 0.600000, 0.000000, 0.800000, 1.500000, 0.500000, 0.400000
500, 0.000000, 0.000000, 1.000000, 10, 0.700000, 0.000000, 0.600000, 1.300000, 0.300000, 0.300000
500, 0.000000, 0.000000, 1.000000, 10, 0.600000, 0.000000, 0.500000, 1.300000, 0.300000, 0.300000
500, 0.000000, 0.000000, 1.000000, 10, 0.500000, 0.000000, 0.600000, 0.900000, 0.200000, 0.300000
500, 0.000000, 0.000000, 1.000000, 10, 0.400000, 0.000000, 0.600000, 1.000000, 0.200000, 0.200000
500, 0.000000, 0.000000, 1.000000, 10, 0.600000, 0.000000, 0.800000, 1.600000, 0.600000, 0.100000
500, 0.100000, 1.821229, 0.780862, 10, 0.500000, 0.600000, 0.200000, 1.600000, 0.800000, 0.400000
500, 0.100000, 2.287666, 0.692692, 10, 0.600000, 0.900000, 0.700000, 1.800000, 0.800000, 0.200000
500, 0.100000, 2.102898, 0.805782, 10, 0.800000, 0.500000, 0.700000, 1.200000, 0.800000, 0.100000
500, 0.100000, 1.992224, 0.762189, 10, 0.300000, 0.600000, 0.700000, 1.400000, 0.400000, 0.600000
500, 0.100000, 1.998293, 0.629823, 10, 0.300000, 0.800000, 0.400000, 1.300000, 0.600000, 0.500000
500, 0.100000, 2.306332, 0.772125, 10, 0.500000, 0.700000, 0.500000, 1.000000, 0.800000, 0.200000
500, 0.100000, 2.325278, 0.745056, 10, 0.500000, 0.500000, 0.300000, 1.100000, 0.700000, 0.200000
500, 0.100000, 2.235668, 0.759185, 10, 0.500000, 0.500000, 0.200000, 1.100000, 0.700000, 0.300000
500, 0.100000, 2.288414, 0.706302, 10, 0.600000, 0.400000, 0.600000, 1.100000, 0.400000, 0.500000
500, 0.100000, 1.865045, 0.744348, 10, 0.600000, 0.300000, 0.500000, 0.600000, 0.700000, 0.300000
500, 0.250000, 3.479208, 0.645886, 10, 0.100000, 1.300000, 0.200000, 0.900000, 0.700000, 0.300000
500, 0.250000, 3.827220, 0.471020, 10, 0.700000, 1.100000, 0.200000, 1.300000, 1.000000, 0.100000
500, 0.250000, 3.811619, 0.566118, 10, 0.200000, 0.700000, 0.800000, 1.000000, 0.500000, 0.500000
500, 0.250000, 3.745295, 0.554812, 10, 0.300000, 0.900000, 0.300000, 1.000000, 0.800000, 0.400000
500, 0.250000, 4.049891, 0.453991, 10, 0.500000, 1.000000, 0.400000, 1.000000, 0.800000, 0.400000
500, 0.250000, 3.892363, 0.466157, 10, 0.500000, 1.500000, 0.600000, 1.500000, 1.000000, 0.400000
500, 0.250000, 3.975809, 0.414389, 10, 0.500000, 1.500000, 0.400000, 1.700000, 0.900000, 0.300000
500, 0.250000, 4.255281, 0.404483, 10, 0.500000, 1.200000, 0.600000, 1.400000, 1.100000, 0.400000
500, 0.250000, 3.962765, 0.477719, 10, 0.500000, 1.300000, 0.400000, 1.500000, 0.800000, 0.600000
500, 0.250000, 3.774040, 0.548894, 10, 0.600000, 1.200000, 0.400000, 1.500000, 0.800000, 0.300000
500, 0.500000, 5.254020, 0.181810, 10, 0.700000, 2.300000, 0.500000, 1.600000, 1.200000, 0.400000
500, 0.500000, 5.123004, 0.194920, 10, 0.300000, 2.200000, 0.600000, 1.700000, 1.200000, 0.600000
500, 0.500000, 5.175214, 0.191504, 10, 0.700000, 2.600000, 0.500000, 1.800000, 1.500000, 0.400000
500, 0.500000, 5.277134, 0.186459, 10, 0.400000, 2.800000, 0.500000, 1.400000, 1.300000, 0.300000
500, 0.500000, 5.230663, 0.137244, 10, 0.200000, 2.000000, 0.700000, 1.100000, 1.000000, 0.600000
500, 0.500000, 5.365814, 0.200686, 10, 0.600000, 1.800000, 0.700000, 1.300000, 1.500000, 0.300000
500, 0.500000, 5.198351, 0.211400, 10, 0.600000, 2.100000, 0.600000, 1.400000, 1.300000, 0.400000
500, 0.500000, 5.243533, 0.205603, 10, 0.400000, 2.100000, 0.600000, 1.400000, 1.400000, 0.500000
500, 0.500000, 5.210361, 0.118411, 10, 0.400000, 2.800000, 0.200000, 1.900000, 1.100000, 0.700000
500, 0.500000, 5.219476, 0.266384, 10, 0.500000, 1.800000, 0.700000, 1.600000, 1.200000, 0.500000
500, 0.750000, 5.620231, 0.036340, 10, 0.600000, 2.900000, 0.500000, 1.600000, 1.700000, 0.300000
500, 0.750000, 5.592459, 0.053907, 10, 0.800000, 2.800000, 0.500000, 1.800000, 1.400000, 0.600000
500, 0.750000, 5.568083, 0.021408, 10, 0.500000, 2.800000, 0.700000, 1.300000, 1.300000, 0.500000
500, 0.750000, 5.531265, 0.076833, 10, 0.700000, 3.100000, 0.800000, 1.900000, 1.700000, 0.500000
500, 0.750000, 5.596591, 0.020270, 10, 0.600000, 3.800000, 0.800000, 1.800000, 1.300000, 0.900000
500, 0.750000, 5.560656, 0.029158, 10, 0.400000, 2.000000, 0.500000, 1.200000, 1.100000, 0.400000
500, 0.750000, 5.590398, 0.011692, 10, 1.000000, 3.900000, 0.600000, 2.100000, 1.600000, 0.500000
500, 0.750000, 5.615438, 0.023700, 10, 0.500000, 3.800000, 0.900000, 1.900000, 1.400000, 0.800000
500, 0.750000, 5.604002, 0.039298, 10, 0.700000, 3.200000, 0.800000, 1.900000, 1.600000, 0.300000
500, 0.750000, 5.592259, 0.025940, 10, 0.500000, 3.600000, 0.600000, 1.600000, 1.700000, 0.500000
500, 0.800000, 5.623902, 0.015735, 10, 0.400000, 3.300000, 0.900000, 1.400000, 1.500000, 0.400000
500, 0.800000, 5.626638, 0.009762, 10, 0.600000, 3.100000, 0.700000, 1.500000, 1.500000, 0.500000
500, 0.800000, 5.594552, 0.003034, 10, 0.400000, 2.500000, 0.500000, 1.200000, 1.100000, 0.400000
500, 0.800000, 5.590366, 0.035575, 10, 0.600000, 2.500000, 0.800000, 1.500000, 1.100000, 0.600000
500, 0.800000, 5.624684, 0.022308, 10, 0.300000, 2.300000, 0.800000, 1.200000, 1.100000, 0.300000
500, 0.800000, 5.645331, 0.013344, 10, 0.500000, 2.300000, 0.500000, 1.200000, 1.300000, 0.400000
500, 0.800000, 5.617409, 0.024834, 10, 0.600000, 2.200000, 0.600000, 1.100000, 1.300000, 0.300000
500, 0.800000, 5.626915, 0.051304, 10, 0.500000, 2.400000, 0.500000, 1.600000, 1.200000, 0.400000
500, 0.800000, 5.636119, 0.008669, 10, 0.600000, 2.400000, 0.500000, 1.300000, 1.200000, 0.400000
500, 0.800000, 5.628557, 0.017689, 10, 0.600000, 2.500000, 0.600000, 1.200000, 1.300000, 0.400000
500, 1.000000, 5.641548, 0.005341, 10, 0.300000, 3.200000, 0.700000, 1.500000, 1.600000, 0.600000
500, 1.000000, 5.587227, 0.000017, 10, 0.600000, 3.300000, 0.400000, 1.700000, 1.700000, 0.500000
500, 1.000000, 5.600584, 0.000691, 10, 0.500000, 3.700000, 0.800000, 1.400000, 1.900000, 0.500000
500, 1.000000, 5.640868, 0.003467, 10, 0.300000, 4.000000, 0.400000, 1.600000, 1.900000, 0.800000
500, 1.000000, 5.640640, 0.006517, 10, 0.800000, 3.800000, 0.700000, 1.900000, 1.700000, 0.300000
500, 1.000000, 5.614537, 0.001255, 10, 0.700000, 3.600000, 0.700000, 1.700000, 1.800000, 0.400000
500, 1.000000, 5.701324, 0.000408, 10, 0.600000, 3.500000, 0.500000, 1.600000, 1.800000, 0.500000
500, 1.000000, 5.604145, 0.000024, 10, 0.500000, 3.400000, 0.400000, 1.700000, 1.800000, 0.600000
500, 1.000000, 5.660330, 0.001967, 10, 0.700000, 3.300000, 0.700000, 1.800000, 1.400000, 0.600000
500, 1.000000, 5.635407, 0.000284, 10, 0.400000, 3.300000, 0.700000, 1.500000, 1.700000, 0.400000
750, 0.000000, 0.000000, 1.000000, 10, 0.800000, 0.000000, 1.000000, 3.300000, 1.000000, 0.800000
750, 0.000000, 0.000000, 1.000000, 10, 1.000000, 0.000000, 1.000000, 3.200000, 0.600000, 0.700000
750, 0.000000, 0.000000, 1.000000, 10, 0.900000, 0.100000, 0.900000, 3.200000, 0.800000, 0.500000
750, 0.000000, 0.000000, 1.000000, 10, 0.800000, 0.000000, 0.900000, 3.400000, 0.900000, 0.600000
750, 0.000000, 0.000000, 1.000000, 10, 0.800000, 0.000000, 0.800000, 2.500000, 0.800000, 0.500000
750, 0.000000, 0.000000, 1.000000, 10, 0.600000, 0.100000, 0.600000, 2.400000, 0.500000, 0.700000
750, 0.000000, 0.000000, 1.000000, 10, 0.800000, 0.100000, 0.800000, 2.500000, 0.700000, 0.300000
750, 0.000000, 0.000000, 1.000000, 10, 0.300000, 0.000000, 0.700000, 2.400000, 0.700000, 0.800000
750, 0.000000, 0.000000, 1.000000, 10, 0.800000, 0.000000, 0.700000, 2.900000, 0.800000, 0.300000
750, 0.000000, 0.000000, 1.000000, 10, 0.700000, 0.200000, 0.800000, 3.300000, 0.800000, 0.300000
750, 0.100000, 1.811187, 0.769763, 10, 0.700000, 1.300000, 1.000000, 3.400000, 1.200000, 0.600000
750, 0.100000, 2.424246, 0.772835, 10, 0.800000, 1.000000, 0.700000, 2.200000, 1.000000, 0.400000
750, 0.100000, 2.118600, 0.751322, 10, 0.700000, 0.800000, 0.900000, 2.100000, 0.700000, 0.600000
750, 0.100000, 2.598865, 0.755159, 10, 0.500000, 1.100000, 0.800000, 2.300000, 0.900000, 0.700000
750, 0.100000, 2.424455, 0.703843, 10, 1.000000, 1.100000, 0.900000, 2.000000, 0.800000, 0.300000
750, 0.100000, 2.280657, 0.736939, 10, 0.700000, 1.000000, 0.700000, 2.000000, 0.900000, 0.800000
750, 0.100000, 2.247956, 0.752671, 10, 0.700000, 1.000000, 0.800000, 2.300000, 0.700000, 0.600000
750, 0.100000, 2.266218, 0.738396, 10, 0.700000, 1.100000, 0.800000, 2.300000, 0.900000, 0.400000
750, 0.100000, 2.000057, 0.812507, 10, 0.600000, 0.800000, 0.700000, 2.300000, 0.800000, 0.700000
750, 0.100000, 1.751427, 0.818222, 10, 1.000000, 0.600000, 0.700000, 2.100000, 0.700000, 0.600000
750, 0.250000, 4.157039, 0.581954, 10, 0.500000, 1.800000, 0.800000, 2.200000, 1.100000, 0.800000
750, 0.250000, 4.021118, 0.416305, 10, 0.600000, 2.500000, 0.500000, 2.300000, 1.100000, 0.800000
750, 0.250000, 4.360310, 0.346670, 10, 0.800000, 2.600000, 0.800000, 2.200000, 1.200000, 0.600000
750, 0.250000, 4.219037, 0.470226, 10, 0.800000, 2.200000, 0.900000, 2.400000, 1.500000, 0.600000
750, 0.250000, 4.453800, 0.468860, 10, 0.500000, 2.300000, 0.800000, 2.300000, 1.400000, 0.700000
750, 0.250000, 4.131868, 0.517680, 10, 0.700000, 2.100000, 0.700000, 2.100000, 1.200000, 0.600000
750, 0.250000, 4.324191, 0.454989, 10, 0.400000, 2.600000, 0.900000, 2.300000, 1.300000, 0.600000
750, 0.250000, 4.194630, 0.447504, 10, 0.700000, 2.300000, 0.800000, 2.300000, 1.000000, 0.600000
750, 0.250000, 4.314701, 0.442391, 10, 0.700000, 2.300000, 0.900000, 2.200000, 1.100000, 0.600000
750, 0.250000, 4.501865, 0.429769, 10, 0.600000, 2.600000, 0.600000, 2.200000, 1.200000, 0.700000
750, 0.500000, 5.719276, 0.108845, 10, 0.500000, 4.300000, 0.800000, 2.100000, 1.600000, 0.900000
750, 0.500000, 5.549382, 0.216051, 10, 0.900000, 3.400000, 0.700000, 2.200000, 1.500000, 0.700000
750, 0.500000, 5.564131, 0.199682, 10, 0.700000, 4.300000, 0.800000, 2.400000, 1.200000, 0.900000
750, 0.500000, 5.596772, 0.236075, 10, 0.700000, 4.000000, 0.700000, 2.000000, 1.300000, 0.800000
750, 0.500000, 5.557505, 0.172939, 10, 0.800000, 3.700000, 0.800000, 2.500000, 1.400000, 0.600000
750, 0.500000, 5.546775, 0.193057, 10, 0.600000, 3.500000, 1.000000, 2.400000, 1.800000, 0.600000
750, 0.500000, 5.621179, 0.195880, 10, 0.600000, 3.600000, 0.600000, 2.200000, 1.600000, 0.700000
750, 0.500000, 5.650122, 0.121365, 10, 0.700000, 4.300000, 1.000000, 2.100000, 1.400000, 0.700000
750, 0.500000, 5.505627, 0.187119, 10, 1.000000, 5.400000, 1.000000, 3.400000, 2.200000, 1.100000
750, 0.500000, 5.633907, 0.175372, 10, 0.700000, 3.900000, 0.900000, 2.100000, 1.800000, 0.700000
750, 0.750000, 5.973762, 0.031950, 10, 0.600000, 5.000000, 1.000000, 2.500000, 1.700000, 0.800000
750, 0.750000, 5.998256, 0.041456, 10, 0.600000, 4.900000, 0.700000, 2.300000, 1.800000, 0.800000
750, 0.750000, 5.998749, 0.074082, 10, 0.600000, 4.500000, 0.800000, 2.400000, 1.800000, 0.500000
750, 0.750000, 5.983881, 0.036001, 10, 0.600000, 4.900000, 0.800000, 2.100000, 1.700000, 0.900000
750, 0.750000, 5.986026, 0.012153, 10, 0.400000, 5.000000, 0.700000, 2.300000, 1.700000, 1.100000
750, 0.750000, 5.976643, 0.040581, 10, 0.800000, 5.300000, 0.700000, 2.400000, 1.700000, 0.900000
750, 0.750000, 5.979632, 0.076910, 10, 1.000000, 6.000000, 1.000000, 3.400000, 2.100000, 1.100000
750, 0.750000, 5.980882, 0.052909, 10, 1.000000, 5.200000, 0.800000, 2.500000, 1.800000, 0.500000
750, 0.750000, 5.968841, 0.042017, 10, 0.800000, 4.800000, 0.600000, 2.300000, 1.500000, 0.600000
750, 0.750000, 5.980545, 0.039122, 10, 0.600000, 4.800000, 0.800000, 2.100000, 1.600000, 0.900000
750, 0.800000, 6.014380, 0.024079, 10, 0.800000, 6.000000, 1.000000, 2.600000, 1.800000, 0.800000
750, 0.800000, 6.048691, 0.020844, 10, 0.700000, 5.200000, 0.400000, 2.400000, 1.200000, 1.000000
750, 0.800000, 6.059364, 0.026839, 10, 0.800000, 4.800000, 0.900000, 2.300000, 1.800000, 0.700000
750, 0.800000, 6.054444, 0.015864, 10, 0.500000, 4.800000, 0.800000, 2.300000, 1.800000, 0.600000
750, 0.800000, 6.001860, 0.021169, 10, 0.700000, 5.300000, 0.800000, 2.400000, 1.800000, 0.800000
750, 0.800000, 6.021801, 0.013400, 10, 0.700000, 5.100000, 0.800000, 2.300000, 1.600000, 0.700000
750, 0.800000, 6.032637, 0.031334, 10, 0.900000, 5.300000, 1.000000, 2.300000, 1.900000, 0.600000
750, 0.800000, 6.039784, 0.025367, 10, 0.600000, 5.000000, 0.800000, 2.400000, 1.700000, 0.700000
750, 0.800000, 6.020754, 0.007119, 10, 0.600000, 5.500000, 0.900000, 2.300000, 1.700000, 0.400000
750, 0.800000, 6.008268, 0.025940, 10, 0.600000, 4.700000, 0.600000, 2.500000, 1.700000, 0.700000
750, 1.000000, 6.029417, 0.001331, 10, 0.700000, 5.700000, 0.600000, 2.600000, 1.900000, 0.700000
750, 1.000000, 6.041668, 0.000017, 10, 0.700000, 5.200000, 0.700000, 2.200000, 1.700000, 0.700000
750, 1.000000, 6.051971, 0.000530, 10, 0.700000, 5.300000, 0.700000, 2.200000, 1.500000, 0.700000
750, 1.000000, 6.061305, 0.000108, 10, 0.900000, 5.500000, 0.800000, 2.300000, 1.600000, 0.600000
750, 1.000000, 6.074244, 0.003811, 10, 0.400000, 4.800000, 0.900000, 2.400000, 1.900000, 0.300000
750, 1.000000, 6.064188, 0.000157, 10, 0.600000, 5.100000, 0.700000, 2.300000, 1.800000, 0.500000
750, 1.000000, 6.005388, 0.000147, 10, 0.600000, 5.600000, 0.700000, 2.400000, 1.600000, 1.000000
750, 1.000000, 6.054272, 0.000455, 10, 0.800000, 5.400000, 0.600000, 2.500000, 1.400000, 1.000000
750, 1.000000, 6.070094, 0.000490, 10, 0.600000, 5.700000, 0.800000, 2.300000, 1.900000, 0.700000
750, 1.000000, 6.047669, 0.000007, 10, 0.600000, 5.300000, 0.700000, 2.300000, 1.900000, 0.900000
1000, 0.000000, 0.000000, 1.000000, 10, 0.700000, 0.000000, 1.000000, 3.900000, 0.800000, 0.400000
1000, 0.000000, 0.000000, 1.000000, 10, 1.000000, 0.000000, 1.100000, 3.800000, 0.800000, 0.800000
1000, 0.000000, 0.000000, 1.000000, 10, 0.800000, 0.000000, 1.000000, 4.000000, 0.800000, 0.400000
1000, 0.000000, 0.000000, 1.000000, 10, 1.000000, 0.000000, 0.900000, 3.800000, 0.600000, 0.600000
1000, 0.000000, 0.000000, 1.000000, 10, 0.900000, 0.000000, 1.000000, 3.800000, 0.900000, 0.700000
1000, 0.000000, 0.000000, 1.000000, 10, 0.800000, 0.000000, 1.000000, 3.600000, 0.800000, 0.700000
1000, 0.000000, 0.000000, 1.000000, 10, 0.800000, 0.100000, 0.800000, 3.800000, 0.800000, 0.600000
1000, 0.000000, 0.000000, 1.000000, 10, 1.000000, 0.000000, 1.100000, 4.000000, 0.900000, 0.600000
1000, 0.000000, 0.000000, 1.000000, 10, 0.900000, 0.100000, 0.900000, 3.600000, 0.400000, 0.700000
1000, 0.000000, 0.000000, 1.000000, 10, 0.900000, 0.000000, 1.300000, 4.000000, 0.500000, 0.400000
1000, 0.100000, 2.408622, 0.786950, 10, 0.800000, 1.600000, 1.100000, 4.200000, 1.100000, 0.800000
1000, 0.100000, 2.300621, 0.778179, 10, 0.900000, 1.500000, 1.100000, 4.200000, 1.000000, 0.900000
1000, 0.100000, 2.342765, 0.742639, 10, 0.900000, 1.900000, 1.300000, 4.000000, 1.200000, 0.900000
1000, 0.100000, 2.295871, 0.741653, 10, 0.600000, 1.400000, 1.000000, 4.000000, 1.100000, 0.900000
1000, 0.100000, 2.361884, 0.763031, 10, 0.900000, 2.000000, 1.000000, 3.800000, 1.200000, 0.800000
1000, 0.100000, 2.342895, 0.733221, 10, 0.900000, 2.100000, 1.100000, 4.300000, 1.200000, 0.800000
1000, 0.100000, 2.293141, 0.765336, 10, 1.000000, 1.500000, 0.900000, 3.400000, 1.100000, 0.800000
1000, 0.100000, 2.133667, 0.761068, 10, 0.700000, 1.700000, 1.100000, 3.500000, 1.100000, 0.800000
1000, 0.100000, 2.815145, 0.744954, 10, 1.100000, 2.000000, 1.200000, 3.600000, 1.400000, 0.700000
1000, 0.100000, 2.661648, 0.760568, 10, 1.000000, 1.900000, 1.000000, 3.600000, 1.400000, 0.900000
1000, 0.250000, 4.198729, 0.516424, 10, 0.800000, 3.300000, 1.000000, 4.200000, 1.500000, 0.800000
1000, 0.250000, 4.170654, 0.531392, 10, 0.700000, 3.400000, 1.000000, 3.800000, 1.700000, 0.900000
1000, 0.250000, 4.330197, 0.433590, 10, 1.100000, 4.400000, 1.200000, 4.000000, 1.600000, 0.800000
1000, 0.250000, 4.147911, 0.543136, 10, 1.000000, 3.300000, 1.000000, 3.800000, 1.400000, 0.900000
1000, 0.250000, 4.277043, 0.510753, 10, 0.700000, 3.800000, 1.100000, 3.700000, 1.700000, 0.600000
1000, 0.250000, 4.281589, 0.497529, 10, 0.700000, 3.700000, 1.000000, 3.600000, 1.900000, 0.900000
1000, 0.250000, 4.197925, 0.467819, 10, 1.000000, 3.900000, 1.000000, 3.900000, 1.500000, 0.700000
1000, 0.250000, 4.477245, 0.472490, 10, 0.700000, 3.700000, 1.200000, 4.000000, 1.900000, 1.000000
1000, 0.250000, 4.542806, 0.439940, 10, 0.600000, 4.300000, 1.000000, 4.000000, 1.300000, 0.600000
1000, 0.250000, 4.279403, 0.490424, 10, 0.900000, 3.400000, 1.100000, 4.100000, 1.600000, 0.800000
1000, 0.500000, 5.905252, 0.164102, 10, 0.900000, 6.300000, 1.200000, 4.000000, 2.000000, 0.900000
1000, 0.500000, 5.766473, 0.192895, 10, 0.600000, 6.300000, 1.100000, 3.900000, 2.000000, 0.900000
1000, 0.500000, 5.887390, 0.157387, 10, 0.800000, 6.600000, 1.000000, 3.600000, 2.000000, 0.900000
1000, 0.500000, 5.819456, 0.209685, 10, 0.800000, 5.800000, 1.200000, 4.400000, 2.500000, 0.800000
1000, 0.500000, 5.902141, 0.163205, 10, 1.100000, 6.900000, 1.100000, 3.600000, 1.900000, 0.800000
1000, 0.500000, 5.872232, 0.200116, 10, 0.900000, 6.500000, 1.000000, 3.900000, 1.900000, 0.700000
1000, 0.500000, 5.885966, 0.203741, 10, 1.000000, 6.700000, 0.900000, 3.500000, 1.800000, 0.800000
1000, 0.500000, 5.999715, 0.150137, 10, 0.800000, 6.200000, 0.900000, 4.000000, 2.100000, 0.800000
1000, 0.500000, 5.938605, 0.136189, 10, 0.900000, 7.300000, 0.900000, 3.600000, 2.200000, 1.000000
1000, 0.500000, 5.910671, 0.191289, 10, 1.000000, 6.200000, 0.800000, 3.500000, 2.300000, 1.000000
1000, 0.750000, 6.276964, 0.026633, 10, 0.900000, 8.800000, 1.000000, 4.600000, 2.400000, 1.000000
1000, 0.750000, 6.244078, 0.081387, 10, 0.700000, 7.400000, 1.000000, 4.000000, 2.400000, 0.800000
1000, 0.750000, 6.281095, 0.047777, 10, 0.800000, 7.900000, 0.900000, 3.700000, 2.200000, 0.800000
1000, 0.750000, 6.288048, 0.045955, 10, 0.800000, 7.900000, 1.100000, 3.700000, 2.300000, 0.700000
1000, 0.750000, 6.270588, 0.029269, 10, 1.100000, 8.100000, 1.000000, 3.700000, 2.000000, 0.800000
1000, 0.750000, 6.272344, 0.026137, 10, 1.200000, 10.100000, 1.400000, 4.900000, 2.700000, 1.100000
1000, 0.750000, 6.302435, 0.073637, 10, 1.000000, 10.300000, 1.200000, 5.400000, 3.000000, 1.100000
1000, 0.750000, 6.304259, 0.049452, 10, 0.900000, 8.500000, 1.000000, 4.100000, 2.600000, 0.600000
1000, 0.750000, 6.273066, 0.022633, 10, 1.100000, 8.700000, 1.000000, 4.000000, 2.000000, 0.800000
1000, 0.750000, 6.265519, 0.044221, 10, 1.200000, 8.300000, 1.000000, 4.700000, 2.400000, 1.100000
1000, 0.800000, 6.314891, 0.029674, 10, 1.000000, 8.400000, 1.200000, 4.000000, 2.500000, 1.100000
1000, 0.800000, 6.311991, 0.024853, 10, 1.100000, 9.000000, 1.000000, 3.900000, 2.800000, 0.700000
1000, 0.800000, 6.337070, 0.036689, 10, 1.100000, 8.200000, 1.000000, 4.300000, 2.300000, 1.000000
1000, 0.800000, 6.285287, 0.003290, 10, 1.000000, 9.400000, 1.000000, 3.900000, 2.400000, 0.800000
1000, 0.800000, 6.309086, 0.041847, 10, 0.900000, 8.000000, 1.000000, 4.000000, 2.300000, 0.800000
1000, 0.800000, 6.278690, 0.040087, 10, 0.600000, 8.700000, 1.000000, 4.200000, 2.500000, 0.900000
1000, 0.800000, 6.305652, 0.024669, 10, 0.900000, 10.100000, 1.400000, 4.900000, 2.800000, 1.000000
1000, 0.800000, 6.288051, 0.053566, 10, 1.100000, 8.300000, 0.900000, 4.200000, 2.400000, 1.000000
1000, 0.800000, 6.281278, 0.039092, 10, 1.000000, 8.600000, 1.100000, 3.900000, 2.700000, 0.700000
1000, 0.800000, 6.324171, 0.021840, 10, 0.900000, 8.800000, 1.100000, 3.900000, 2.600000, 0.700000
1000, 1.000000, 6.295006, 0.000228, 10, 1.000000, 10.100000, 1.300000, 4.400000, 2.900000, 1.200000
1000, 1.000000, 6.341678, 0.000041, 10, 0.900000, 10.000000, 1.100000, 4.100000, 3.100000, 0.900000
1000, 1.000000, 6.330858, 0.000020, 10, 0.600000, 10.600000, 1.100000, 4.700000, 2.300000, 0.800000
1000, 1.000000, 6.313332, 0.000839, 10, 0.900000, 10.100000, 1.200000, 4.500000, 2.500000, 0.900000
1000, 1.000000, 6.367327, 0.003568, 10, 1.200000, 10.600000, 1.100000, 4.500000, 2.700000, 0.900000
1000, 1.000000, 6.316742, 0.000533, 10, 1.000000, 10.500000, 1.100000, 4.100000, 2.600000, 0.700000
1000, 1.000000, 6.332602, 0.000690, 10, 0.600000, 9.900000, 1.100000, 4.600000, 2.700000, 0.700000
1000, 1.000000, 6.341512, 0.001471, 10, 0.900000, 11.600000, 1.000000, 5.000000, 3.200000, 0.900000
1000, 1.000000, 6.328651, 0.000133, 10, 0.900000, 10.100000, 1.100000, 4.600000, 2.400000, 0.700000
1000, 1.000000, 6.359814, 0.000000, 10, 0.800000, 11.700000, 1.500000, 4.600000, 3.000000, 0.900000
2500, 0.000000, 0.000000, 1.000000, 10, 2.800000, 0.100000, 4.900000, 29.500000, 2.300000, 2.900000
2500, 0.000000, 0.000000, 1.000000, 10, 2.600000, 0.000000, 5.100000, 28.600000, 2.300000, 3.800000
2500, 0.000000, 0.000000, 1.000000, 10, 2.500000, 0.200000, 4.300000, 26.900000, 2.100000, 2.800000
2500, 0.000000, 0.000000, 1.000000, 10, 2.600000, 0.000000, 4.100000, 27.000000, 2.000000, 3.000000
2500, 0.000000, 0.000000, 1.000000, 10, 2.500000, 0.300000, 4.300000, 27.700000, 1.900000, 3.300000
2500, 0.000000, 0.000000, 1.000000, 10, 2.700000, 0.100000, 4.300000, 27.100000, 1.900000, 2.800000
2500, 0.000000, 0.000000, 1.000000, 10, 2.500000, 0.100000, 4.700000, 27.600000, 2.100000, 3.700000
2500, 0.000000, 0.000000, 1.000000, 10, 2.600000, 0.200000, 5.200000, 29.100000, 2.200000, 3.100000
2500, 0.000000, 0.000000, 1.000000, 10, 2.300000, 0.200000, 4.800000, 26.400000, 1.900000, 3.300000
2500, 0.000000, 0.000000, 1.000000, 10, 2.400000, 0.200000, 4.800000, 27.400000, 2.000000, 3.000000
2500, 0.100000, 2.649670, 0.750158, 10, 3.100000, 13.400000, 5.300000, 29.800000, 4.100000, 3.600000
2500, 0.100000, 2.761001, 0.766189, 10, 3.100000, 14.200000, 4.700000, 29.100000, 3.900000, 4.000000
2500, 0.100000, 3.007235, 0.738850, 10, 3.300000, 13.500000, 4.000000, 27.700000, 3.400000, 3.800000
2500, 0.100000, 2.489676, 0.806277, 10, 3.000000, 9.900000, 4.800000, 27.300000, 3.500000, 3.700000
2500, 0.100000, 2.983160, 0.735781, 10, 2.600000, 13.700000, 5.800000, 27.700000, 4.000000, 3.700000
2500, 0.100000, 2.518726, 0.754885, 10, 2.900000, 11.800000, 4.500000, 27.100000, 3.000000, 3.500000
2500, 0.100000, 2.765689, 0.758697, 10, 2.900000, 13.000000, 5.500000, 28.600000, 3.900000, 4.000000
2500, 0.100000, 2.683509, 0.786960, 10, 2.800000, 12.100000, 4.500000, 26.800000, 3.700000, 3.900000
2500, 0.100000, 2.719626, 0.738857, 10, 2.700000, 13.000000, 4.400000, 27.600000, 3.500000, 4.000000
2500, 0.100000, 2.776315, 0.728925, 10, 2.900000, 14.100000, 5.200000, 29.700000, 3.900000, 4.400000
2500, 0.250000, 5.180062, 0.473377, 10, 2.900000, 29.000000, 4.600000, 29.000000, 4.600000, 3.600000
2500, 0.250000, 5.004117, 0.483569, 10, 2.700000, 26.700000, 4.500000, 28.100000, 4.500000, 3.100000
2500, 0.250000, 5.159954, 0.450595, 10, 3.200000, 30.100000, 5.300000, 28.400000, 5.100000, 3.300000
2500, 0.250000, 4.860789, 0.477409, 10, 2.800000, 27.500000, 5.300000, 28.400000, 5.100000, 3.900000
2500, 0.250000, 5.005919, 0.441275, 10, 2.900000, 29.100000, 5.100000, 28.800000, 4.500000, 3.200000
2500, 0.250000, 4.836549, 0.493539, 10, 2.700000, 26.800000, 5.200000, 29.000000, 5.800000, 4.100000
2500, 0.250000, 4.839228, 0.536396, 10, 3.300000, 27.500000, 5.000000, 30.400000, 5.300000, 3.600000
2500, 0.250000, 4.878892, 0.470211, 10, 2.800000, 27.400000, 4.500000, 28.500000, 4.900000, 3.900000
2500, 0.250000, 4.913755, 0.519306, 10, 2.700000, 25.200000, 5.200000, 26.300000, 5.100000, 4.200000
2500, 0.250000, 4.634610, 0.513106, 10, 2.400000, 23.800000, 5.000000, 27.100000, 4.600000, 3.700000
2500, 0.500000, 6.687780, 0.217289, 10, 3.000000, 38.800000, 3.700000, 25.300000, 6.100000, 3.400000
2500, 0.500000, 6.622268, 0.173382, 10, 3.100000, 43.000000, 3.800000, 25.800000, 6.700000, 3.700000
2500, 0.500000, 6.684058, 0.204799, 10, 2.700000, 39.300000, 3.800000, 24.800000, 6.000000, 2.600000
2500, 0.500000, 6.604283, 0.194163, 10, 2.800000, 40.500000, 3.600000, 25.500000, 5.600000, 3.000000
2500, 0.500000, 6.621665, 0.213709, 10, 2.300000, 39.400000, 3.400000, 26.800000, 6.000000, 2.800000
2500, 0.500000, 6.632818, 0.168591, 10, 2.800000, 40.100000, 3.600000, 24.900000, 5.500000, 3.200000
2500, 0.500000, 6.654913, 0.220857, 10, 2.400000, 37.200000, 3.300000, 24.800000, 5.800000, 3.300000
2500, 0.500000, 6.682646, 0.164126, 10, 2.300000, 41.500000, 3.800000, 25.000000, 5.800000, 2.800000
2500, 0.500000, 6.615338, 0.164551, 10, 2.800000, 40.700000, 3.300000, 26.200000, 5.900000, 3.000000
2500, 0.500000, 6.609738, 0.165745, 10, 2.500000, 40.900000, 3.400000, 25.400000, 6.000000, 3.100000
2500, 0.750000, 7.200181, 0.058388, 10, 2.500000, 49.500000, 3.000000, 24.900000, 7.300000, 2.700000
2500, 0.750000, 7.179928, 0.028929, 10, 2.700000, 52.200000, 3.000000, 24.200000, 6.800000, 3.300000
2500, 0.750000, 7.181078, 0.044020, 10, 2.500000, 51.200000, 3.000000, 24.800000, 6.800000, 2.900000
2500, 0.750000, 7.176101, 0.033998, 10, 2.700000, 51.300000, 3.100000, 24.100000, 6.600000, 2.900000
2500, 0.750000, 7.171891, 0.041758, 10, 2.700000, 50.000000, 3.100000, 24.200000, 7.100000, 2.700000
2500, 0.750000, 7.192780, 0.039965, 10, 2.700000, 51.300000, 3.200000, 24.300000, 7.200000, 2.900000
2500, 0.750000, 7.181229, 0.043796, 10, 2.200000, 50.500000, 3.200000, 24.500000, 6.500000, 3.100000
2500, 0.750000, 7.141195, 0.038937, 10, 2.600000, 50.600000, 3.000000, 23.900000, 7.000000, 3.300000
2500, 0.750000, 7.165911, 0.044773, 10, 2.300000, 51.300000, 3.200000, 24.700000, 7.400000, 3.200000
2500, 0.750000, 7.166294, 0.044793, 10, 2.500000, 50.500000, 3.200000, 24.800000, 7.300000, 3.100000
2500, 0.800000, 7.213679, 0.036933, 10, 2.700000, 51.900000, 3.300000, 25.100000, 6.900000, 3.000000
2500, 0.800000, 7.197789, 0.028806, 10, 2.600000, 52.200000, 3.500000, 24.800000, 7.000000, 3.200000
2500, 0.800000, 7.200409, 0.019020, 10, 2.400000, 52.800000, 3.300000, 24.500000, 6.900000, 2.900000
2500, 0.800000, 7.226316, 0.021726, 10, 2.400000, 52.000000, 3.000000, 23.900000, 6.700000, 3.300000
2500, 0.800000, 7.213950, 0.017811, 10, 2.600000, 54.400000, 3.200000, 25.000000, 7.100000, 3.300000
2500, 0.800000, 7.193904, 0.020802, 10, 2.400000, 52.400000, 3.100000, 24.100000, 6.900000, 3.300000
2500, 0.800000, 7.189934, 0.023829, 10, 2.500000, 52.400000, 3.100000, 24.400000, 7.300000, 3.100000
2500, 0.800000, 7.231634, 0.015879, 10, 2.500000, 53.300000, 3.200000, 24.200000, 7.000000, 2.800000
2500, 0.800000, 7.209172, 0.014599, 10, 2.600000, 53.900000, 3.200000, 24.600000, 6.600000, 2.900000
2500, 0.800000, 7.224531, 0.019624, 10, 2.500000, 54.900000, 3.100000, 24.800000, 6.900000, 2.800000
2500, 1.000000, 7.249596, 0.002198, 10, 2.600000, 56.200000, 3.100000, 23.800000, 7.000000, 2.800000
2500, 1.000000, 7.249542, 0.000000, 10, 2.800000, 57.600000, 3.000000, 24.300000, 6.900000, 3.600000
2500, 1.000000, 7.245145, 0.001238, 10, 2.700000, 57.700000, 3.000000, 25.200000, 6.900000, 3.700000
2500, 1.000000, 7.239767, 0.000444, 10, 2.700000, 58.700000, 3.100000, 24.600000, 7.200000, 2.800000
2500, 1.000000, 7.244868, 0.000000, 10, 2.700000, 59.400000, 3.300000, 24.800000, 7.600000, 2.800000
2500, 1.000000, 7.262543, 0.001244, 10, 2.800000, 60.600000, 3.300000, 25.700000, 7.500000, 3.000000
2500, 1.000000, 7.259928, 0.000782, 10, 2.400000, 58.300000, 3.200000, 25.600000, 7.400000, 2.900000
2500, 1.000000, 7.261308, 0.000130, 10, 2.500000, 59.800000, 3.300000, 25.400000, 7.400000, 3.400000
2500, 1.000000, 7.240180, 0.000519, 10, 2.400000, 59.200000, 3.200000, 25.200000, 7.500000, 2.500000
2500, 1.000000, 7.272523, 0.000093, 10, 2.300000, 60.100000, 3.000000, 24.600000, 7.500000, 3.200000
5000, 0.000000, 0.000000, 1.000000, 10, 4.900000, 0.400000, 10.200000, 101.200000, 3.500000, 6.000000
5000, 0.000000, 0.000000, 1.000000, 10, 4.900000, 0.300000, 9.900000, 100.000000, 3.500000, 5.900000
5000, 0.000000, 0.000000, 1.000000, 10, 5.900000, 0.400000, 10.000000, 102.800000, 3.600000, 6.200000
5000, 0.000000, 0.000000, 1.000000, 10, 4.900000, 0.300000, 9.400000, 101.000000, 3.400000, 6.000000
5000, 0.000000, 0.000000, 1.000000, 10, 5.400000, 0.300000, 9.700000, 100.600000, 3.500000, 6.100000
5000, 0.000000, 0.000000, 1.000000, 10, 4.800000, 0.500000, 10.600000, 102.100000, 3.600000, 6.500000
5000, 0.000000, 0.000000, 1.000000, 10, 5.300000, 0.500000, 10.000000, 101.000000, 3.500000, 6.100000
5000, 0.000000, 0.000000, 1.000000, 10, 5.100000, 0.700000, 9.200000, 101.000000, 3.400000, 6.100000
5000, 0.000000, 0.000000, 1.000000, 10, 5.100000, 0.200000, 10.000000, 99.900000, 3.500000, 6.200000
5000, 0.000000, 0.000000, 1.000000, 10, 4.900000, 0.200000, 9.000000, 101.900000, 3.300000, 6.100000
5000, 0.100000, 2.840889, 0.792574, 10, 5.200000, 40.100000, 9.000000, 100.300000, 6.500000, 7.100000
5000, 0.100000, 2.856857, 0.768192, 10, 5.100000, 44.800000, 8.900000, 100.400000, 6.300000, 7.000000
5000, 0.100000, 2.774280, 0.764312, 10, 4.900000, 44.900000, 9.100000, 101.700000, 6.600000, 7.000000
5000, 0.100000, 2.818333, 0.757548, 10, 5.100000, 42.800000, 8.800000, 99.500000, 6.200000, 6.900000
5000, 0.100000, 2.776640, 0.781842, 10, 4.800000, 41.400000, 8.500000, 100.500000, 6.200000, 6.800000
5000, 0.100000, 2.866223, 0.771752, 10, 5.300000, 41.700000, 8.600000, 100.800000, 6.600000, 6.800000
5000, 0.100000, 2.672865, 0.751923, 10, 5.100000, 44.400000, 9.500000, 101.700000, 6.200000, 6.900000
5000, 0.100000, 2.768569, 0.762486, 10, 5.200000, 43.900000, 8.600000, 100.400000, 6.100000, 6.900000
5000, 0.100000, 2.720701, 0.749043, 10, 5.300000, 45.300000, 9.200000, 101.500000, 6.100000, 7.100000
5000, 0.100000, 2.860386, 0.711463, 10, 4.900000, 49.500000, 9.200000, 100.700000, 6.400000, 6.900000
5000, 0.250000, 5.454136, 0.462906, 10, 5.300000, 94.700000, 8.500000, 100.900000, 9.100000, 7.300000
5000, 0.250000, 5.368643, 0.490909, 10, 5.000000, 91.700000, 8.700000, 100.500000, 9.100000, 7.200000
5000, 0.250000, 5.342393, 0.514996, 10, 5.300000, 88.600000, 8.700000, 100.300000, 8.700000, 7.100000
5000, 0.250000, 5.346313, 0.479142, 10, 5.200000, 92.300000, 8.700000, 100.900000, 9.000000, 7.300000
5000, 0.250000, 5.394460, 0.494096, 10, 5.600000, 91.700000, 8.700000, 101.200000, 9.500000, 8.000000
5000, 0.250000, 5.353199, 0.476957, 10, 5.200000, 92.000000, 8.700000, 100.400000, 8.800000, 7.300000
5000, 0.250000, 5.398843, 0.491631, 10, 5.300000, 91.600000, 8.900000, 101.800000, 8.900000, 7.400000
5000, 0.250000, 5.367214, 0.451377, 10, 5.100000, 97.000000, 8.800000, 101.300000, 9.000000, 7.400000
5000, 0.250000, 5.419322, 0.490042, 10, 5.300000, 93.200000, 8.600000, 100.900000, 8.900000, 7.300000
5000, 0.250000, 5.302297, 0.490763, 10, 5.400000, 89.200000, 8.600000, 100.500000, 8.800000, 7.500000
5000, 0.500000, 7.200747, 0.183353, 10, 5.500000, 155.000000, 8.800000, 101.400000, 12.200000, 7.300000
5000, 0.500000, 7.265169, 0.187846, 10, 5.500000, 154.700000, 8.800000, 101.900000, 12.100000, 7.100000
5000, 0.500000, 7.204296, 0.198932, 10, 5.400000, 150.700000, 8.700000, 101.400000, 12.000000, 7.100000
5000, 0.500000, 7.276954, 0.179192, 10, 5.600000, 153.600000, 8.800000, 103.700000, 12.100000, 7.500000
5000, 0.500000, 7.231136, 0.166190, 10, 5.900000, 159.400000, 9.000000, 101.700000, 12.100000, 7.400000
5000, 0.500000, 7.266242, 0.172065, 10, 6.000000, 157.600000, 8.500000, 102.300000, 12.100000, 8.000000
5000, 0.500000, 7.310259, 0.192485, 10, 5.700000, 152.000000, 8.500000, 101.700000, 11.900000, 7.400000
5000, 0.500000, 7.210544, 0.195004, 10, 5.500000, 150.300000, 9.000000, 101.300000, 11.800000, 7.100000
5000, 0.500000, 7.275356, 0.187957, 10, 5.800000, 152.600000, 8.600000, 101.600000, 12.000000, 7.500000
5000, 0.500000, 7.240799, 0.190393, 10, 5.700000, 153.000000, 8.200000, 103.200000, 12.000000, 7.400000
5000, 0.750000, 7.857132, 0.033946, 10, 7.100000, 202.300000, 8.700000, 102.900000, 14.000000, 7.500000
5000, 0.750000, 7.830469, 0.046334, 10, 6.300000, 196.600000, 8.900000, 101.100000, 13.600000, 7.700000
5000, 0.750000, 7.858307, 0.038242, 10, 6.500000, 198.600000, 8.800000, 101.700000, 13.700000, 8.000000
5000, 0.750000, 7.850494, 0.043959, 10, 6.000000, 197.600000, 8.700000, 101.500000, 13.700000, 7.200000
5000, 0.750000, 7.817804, 0.038553, 10, 6.400000, 198.200000, 8.600000, 101.500000, 14.100000, 7.900000
5000, 0.750000, 7.859357, 0.033109, 10, 7.000000, 202.000000, 8.800000, 102.500000, 13.800000, 7.900000
5000, 0.750000, 7.848160, 0.025800, 10, 6.600000, 206.100000, 8.900000, 103.700000, 13.900000, 7.600000
5000, 0.750000, 7.820463, 0.034478, 10, 6.400000, 201.800000, 8.900000, 102.200000, 13.900000, 7.700000
5000, 0.750000, 7.852547, 0.036103, 10, 6.300000, 200.300000, 8.900000, 103.000000, 13.900000, 7.700000
5000, 0.750000, 7.890593, 0.037033, 10, 6.300000, 201.600000, 8.900000, 102.500000, 13.600000, 7.800000
5000, 0.800000, 7.879282, 0.032936, 10, 6.500000, 202.900000, 8.700000, 101.600000, 14.200000, 7.700000
5000, 0.800000, 7.885904, 0.027488, 10, 6.600000, 203.400000, 8.800000, 101.900000, 14.000000, 7.600000
5000, 0.800000, 7.876514, 0.030689, 10, 6.300000, 203.000000, 8.900000, 102.100000, 14.000000, 7.400000
5000, 0.800000, 7.894888, 0.030654, 10, 6.400000, 204.300000, 8.800000, 101.800000, 14.200000, 7.700000
5000, 0.800000, 7.901434, 0.022477, 10, 6.600000, 207.400000, 8.900000, 101.600000, 13.900000, 7.800000
5000, 0.800000, 7.893308, 0.022859, 10, 5.900000, 207.500000, 8.900000, 101.700000, 14.100000, 7.400000
5000, 0.800000, 7.899130, 0.030125, 10, 7.200000, 204.000000, 9.000000, 103.600000, 14.100000, 7.700000
5000, 0.800000, 7.896038, 0.020349, 10, 6.800000, 208.700000, 8.900000, 102.500000, 14.100000, 7.500000
5000, 0.800000, 7.901503, 0.016916, 10, 6.800000, 212.100000, 8.700000, 103.000000, 14.000000, 7.700000
5000, 0.800000, 7.902163, 0.025043, 10, 7.100000, 206.400000, 8.500000, 102.600000, 14.100000, 7.400000
5000, 1.000000, 7.939301, 0.000042, 10, 6.300000, 229.600000, 9.000000, 102.600000, 14.600000, 8.100000
5000, 1.000000, 7.952631, 0.000095, 10, 7.000000, 235.700000, 8.800000, 103.500000, 14.700000, 7.600000
5000, 1.000000, 7.932087, 0.000342, 10, 6.900000, 229.300000, 8.900000, 102.900000, 14.800000, 7.600000
5000, 1.000000, 7.948583, 0.000034, 10, 7.300000, 231.600000, 9.200000, 102.300000, 14.700000, 8.200000
5000, 1.000000, 7.937102, 0.000122, 10, 6.600000, 230.100000, 9.000000, 102.900000, 14.400000, 7.500000
5000, 1.000000, 7.954401, 0.000034, 10, 6.600000, 231.800000, 8.800000, 102.800000, 14.700000, 7.400000
5000, 1.000000, 7.946949, 0.000404, 10, 7.100000, 235.000000, 8.800000, 102.500000, 15.000000, 7.600000
5000, 1.000000, 7.945916, 0.000007, 10, 7.100000, 232.700000, 8.900000, 104.400000, 14.700000, 8.200000
5000, 1.000000, 7.948488, 0.000117, 10, 7.100000, 231.800000, 8.900000, 102.500000, 14.700000, 8.000000
5000, 1.000000, 7.946675, 0.000424, 10, 6.500000, 236.000000, 8.600000, 102.600000, 15.300000, 8.200000
7500, 0.000000, 0.000000, 1.000000, 10, 7.900000, 0.900000, 17.400000, 226.900000, 5.300000, 10.100000
7500, 0.000000, 0.000000, 1.000000, 10, 7.500000, 0.700000, 17.700000, 227.600000, 6.000000, 10.500000
7500, 0.000000, 0.000000, 1.000000, 10, 8.300000, 0.400000, 18.300000, 226.900000, 5.400000, 10.400000
7500, 0.000000, 0.000000, 1.000000, 10, 7.800000, 0.400000, 17.000000, 227.400000, 5.400000, 10.500000
7500, 0.000000, 0.000000, 1.000000, 10, 7.900000, 0.700000, 17.600000, 226.900000, 5.300000, 10.100000
7500, 0.000000, 0.000000, 1.000000, 10, 8.000000, 0.700000, 17.300000, 227.600000, 5.500000, 10.400000
7500, 0.000000, 0.000000, 1.000000, 10, 8.000000, 0.500000, 17.200000, 228.200000, 5.600000, 10.400000
7500, 0.000000, 0.000000, 1.000000, 10, 7.700000, 0.700000, 17.700000, 228.900000, 5.400000, 10.400000
7500, 0.000000, 0.000000, 1.000000, 10, 7.800000, 0.800000, 17.100000, 229.100000, 5.200000, 10.400000
7500, 0.000000, 0.000000, 1.000000, 10, 8.000000, 0.800000, 17.600000, 228.500000, 5.700000, 10.200000
7500, 0.100000, 2.999756, 0.759053, 10, 9.200000, 98.500000, 14.300000, 228.300000, 9.900000, 10.900000
7500, 0.100000, 2.903098, 0.765241, 10, 9.400000, 95.700000, 14.100000, 226.200000, 10.200000, 10.900000
7500, 0.100000, 2.950546, 0.762780, 10, 9.900000, 96.300000, 14.300000, 228.600000, 9.800000, 11.100000
7500, 0.100000, 3.070399, 0.752319, 10, 9.900000, 100.900000, 14.200000, 230.200000, 10.400000, 10.700000
7500, 0.100000, 3.078165, 0.742403, 10, 10.600000, 103.800000, 14.100000, 228.600000, 10.200000, 11.200000
7500, 0.100000, 3.074709, 0.738266, 10, 9.900000, 105.400000, 14.400000, 226.700000, 10.200000, 10.500000
7500, 0.100000, 3.042854, 0.755475, 10, 10.100000, 98.900000, 14.300000, 228.800000, 10.100000, 11.500000
7500, 0.100000, 3.027687, 0.747823, 10, 9.100000, 100.800000, 13.900000, 229.600000, 9.700000, 11.000000
7500, 0.100000, 2.976749, 0.764566, 10, 10.600000, 97.300000, 14.300000, 230.200000, 9.800000, 11.200000
7500, 0.100000, 2.820327, 0.761602, 10, 9.700000, 97.000000, 13.900000, 229.500000, 9.900000, 11.200000
7500, 0.250000, 5.468401, 0.485071, 10, 10.000000, 209.200000, 14.100000, 227.700000, 14.000000, 12.300000
7500, 0.250000, 5.542903, 0.465399, 10, 9.500000, 217.700000, 14.000000, 228.000000, 14.200000, 12.400000
7500, 0.250000, 5.596938, 0.492007, 10, 9.600000, 208.900000, 14.100000, 227.800000, 14.400000, 13.100000
7500, 0.250000, 5.520719, 0.510912, 10, 10.000000, 200.800000, 14.500000, 229.500000, 15.100000, 11.900000
7500, 0.250000, 5.684319, 0.474024, 10, 9.600000, 214.500000, 14.400000, 228.100000, 14.400000, 13.200000
7500, 0.250000, 5.582699, 0.465578, 10, 9.600000, 213.700000, 14.300000, 228.300000, 14.300000, 12.200000
7500, 0.250000, 5.629730, 0.466484, 10, 9.600000, 216.700000, 14.100000, 228.100000, 14.600000, 12.700000
7500, 0.250000, 5.777459, 0.474457, 10, 9.800000, 217.000000, 14.400000, 229.100000, 14.800000, 12.600000
7500, 0.250000, 5.585570, 0.476286, 10, 10.300000, 214.500000, 14.200000, 228.300000, 14.300000, 12.100000
7500, 0.250000, 5.517908, 0.492159, 10, 10.600000, 206.700000, 14.700000, 229.000000, 14.200000, 12.500000
7500, 0.500000, 7.595808, 0.176786, 10, 9.800000, 361.500000, 14.500000, 229.600000, 19.200000, 15.300000
7500, 0.500000, 7.564063, 0.176641, 10, 9.200000, 358.900000, 14.400000, 228.400000, 19.300000, 15.200000
7500, 0.500000, 7.604318, 0.185400, 10, 9.400000, 354.600000, 14.500000, 229.700000, 18.800000, 15.600000
7500, 0.500000, 7.599126, 0.186048, 10, 9.600000, 356.400000, 14.200000, 228.900000, 18.900000, 15.500000
7500, 0.500000, 7.681797, 0.185380, 10, 9.700000, 354.600000, 14.300000, 230.800000, 19.800000, 15.700000
7500, 0.500000, 7.595716, 0.191451, 10, 9.500000, 352.200000, 14.400000, 229.400000, 19.000000, 15.400000
7500, 0.500000, 7.573358, 0.187061, 10, 9.700000, 352.900000, 14.500000, 228.100000, 19.100000, 15.300000
7500, 0.500000, 7.643258, 0.192528, 10, 9.600000, 351.000000, 14.900000, 230.800000, 19.200000, 15.700000
7500, 0.500000, 7.558394, 0.186275, 10, 9.700000, 352.600000, 14.500000, 230.200000, 19.000000, 15.500000
7500, 0.500000, 7.566130, 0.181167, 10, 9.100000, 355.900000, 14.400000, 230.500000, 19.000000, 15.500000
7500, 0.750000, 8.244028, 0.031685, 10, 9.900000, 471.400000, 14.900000, 229.800000, 21.900000, 16.100000
7500, 0.750000, 8.264483, 0.037969, 10, 9.500000, 462.800000, 14.400000, 230.100000, 22.200000, 15.800000
7500, 0.750000, 8.239562, 0.038034, 10, 9.900000, 464.200000, 14.300000, 231.500000, 22.200000, 15.100000
7500, 0.750000, 8.246619, 0.044382, 10, 9.600000, 455.200000, 15.000000, 231.500000, 21.900000, 15.600000
7500, 0.750000, 8.263882, 0.043308, 10, 9.600000, 457.600000, 14.600000, 231.500000, 22.300000, 15.600000
7500, 0.750000, 8.252873, 0.048425, 10, 9.200000, 451.300000, 14.900000, 231.400000, 22.000000, 16.200000
7500, 0.750000, 8.224604, 0.031354, 10, 9.900000, 468.900000, 14.300000, 232.300000, 22.800000, 16.100000
7500, 0.750000, 8.223967, 0.030977, 10, 9.400000, 467.800000, 14.600000, 230.900000, 22.000000, 15.800000
7500, 0.750000, 8.245855, 0.039126, 10, 9.800000, 463.200000, 14.700000, 229.700000, 22.100000, 16.000000
7500, 0.750000, 8.238545, 0.034077, 10, 9.600000, 464.600000, 14.400000, 231.300000, 21.800000, 16.200000
7500, 0.800000, 8.280743, 0.028603, 10, 9.300000, 474.000000, 14.600000, 231.600000, 22.500000, 15.800000
7500, 0.800000, 8.288353, 0.021467, 10, 9.700000, 483.600000, 14.600000, 230.100000, 22.700000, 16.700000
7500, 0.800000, 8.294773, 0.024232, 10, 9.700000, 477.200000, 14.300000, 230.100000, 22.800000, 15.000000
7500, 0.800000, 8.284534, 0.027352, 10, 9.300000, 475.000000, 14.300000, 229.900000, 22.100000, 15.800000
7500, 0.800000, 8.269120, 0.015465, 10, 9.800000, 491.300000, 14.400000, 230.300000, 22.500000, 15.700000
7500, 0.800000, 8.305755, 0.020360, 10, 9.900000, 483.100000, 14.700000, 229.900000, 23.000000, 15.800000
7500, 0.800000, 8.277264, 0.031580, 10, 9.400000, 471.700000, 14.500000, 230.800000, 22.500000, 15.300000
7500, 0.800000, 8.291462, 0.016111, 10, 9.600000, 489.400000, 14.900000, 231.600000, 22.400000, 16.300000
7500, 0.800000, 8.281453, 0.031021, 10, 9.700000, 468.400000, 14.700000, 230.200000, 22.600000, 15.500000
7500, 0.800000, 8.282816, 0.025059, 10, 9.200000, 477.000000, 14.400000, 231.300000, 22.700000, 16.200000
7500, 1.000000, 8.348234, 0.000015, 10, 9.600000, 536.800000, 14.600000, 232.100000, 23.800000, 15.800000
7500, 1.000000, 8.351550, 0.000454, 10, 10.000000, 533.800000, 14.600000, 231.600000, 23.300000, 15.400000
7500, 1.000000, 8.339205, 0.000003, 10, 9.900000, 540.300000, 14.400000, 230.900000, 23.800000, 15.600000
7500, 1.000000, 8.357628, 0.000004, 10, 9.200000, 535.700000, 14.600000, 230.400000, 24.500000, 15.500000
7500, 1.000000, 8.345416, 0.000027, 10, 9.500000, 537.900000, 15.200000, 231.300000, 23.700000, 15.700000
7500, 1.000000, 8.350339, 0.000260, 10, 9.500000, 532.000000, 14.300000, 231.400000, 23.400000, 15.800000
7500, 1.000000, 8.344719, 0.000011, 10, 9.500000, 537.300000, 14.300000, 229.800000, 23.500000, 15.800000
7500, 1.000000, 8.349986, 0.000444, 10, 9.300000, 531.200000, 14.400000, 231.000000, 23.400000, 15.500000
7500, 1.000000, 8.352740, 0.000311, 10, 10.000000, 548.400000, 15.000000, 231.300000, 24.600000, 15.000000
7500, 1.000000, 8.352899, 0.000217, 10, 10.000000, 544.600000, 14.500000, 230.900000, 24.500000, 14.900000
10000, 0.000000, 0.000000, 1.000000, 10, 12.800000, 0.600000, 24.900000, 407.900000, 7.400000, 15.800000
10000, 0.000000, 0.000000, 1.000000, 10, 12.900000, 0.600000, 25.300000, 407.200000, 7.200000, 15.500000
10000, 0.000000, 0.000000, 1.000000, 10, 12.700000, 0.500000, 24.800000, 409.600000, 7.200000, 15.700000
10000, 0.000000, 0.000000, 1.000000, 10, 12.400000, 0.600000, 25.500000, 406.000000, 7.200000, 16.100000
10000, 0.000000, 0.000000, 1.000000, 10, 12.700000, 0.700000, 25.500000, 407.500000, 7.300000, 16.200000
10000, 0.000000, 0.000000, 1.000000, 10, 12.900000, 0.500000, 25.700000, 406.900000, 7.500000, 15.700000
10000, 0.000000, 0.000000, 1.000000, 10, 12.700000, 0.900000, 25.500000, 405.800000, 7.400000, 15.300000
10000, 0.000000, 0.000000, 1.000000, 10, 12.500000, 0.500000, 25.100000, 406.400000, 7.200000, 15.700000
10000, 0.000000, 0.000000, 1.000000, 10, 12.600000, 0.500000, 25.500000, 411.200000, 7.200000, 15.900000
10000, 0.000000, 0.000000, 1.000000, 10, 12.600000, 0.700000, 26.100000, 409.200000, 7.400000, 16.400000
10000, 0.100000, 3.189295, 0.739037, 10, 12.100000, 190.600000, 20.700000, 406.300000, 14.000000, 20.200000
10000, 0.100000, 3.094913, 0.754412, 10, 11.800000, 180.200000, 21.100000, 406.300000, 14.100000, 20.300000
10000, 0.100000, 3.052321, 0.771287, 10, 11.800000, 167.900000, 21.200000, 407.600000, 13.600000, 20.400000
10000, 0.100000, 3.159364, 0.756231, 10, 12.100000, 179.800000, 20.700000, 408.300000, 14.000000, 20.100000
10000, 0.100000, 3.100549, 0.764812, 10, 12.000000, 174.000000, 21.300000, 406.200000, 14.100000, 20.300000
10000, 0.100000, 3.077519, 0.759927, 10, 12.000000, 175.100000, 21.300000, 407.500000, 13.700000, 20.100000
10000, 0.100000, 3.096787, 0.746650, 10, 12.100000, 183.300000, 21.200000, 405.700000, 13.700000, 20.700000
10000, 0.100000, 3.180489, 0.747319, 10, 11.700000, 182.800000, 20.800000, 409.000000, 13.700000, 20.100000
10000, 0.100000, 3.108357, 0.745606, 10, 11.800000, 186.000000, 21.700000, 406.800000, 13.700000, 20.400000
10000, 0.100000, 3.068381, 0.764906, 10, 12.200000, 174.500000, 20.900000, 408.100000, 13.700000, 20.600000
10000, 0.250000, 5.927969, 0.462413, 10, 12.700000, 403.700000, 22.100000, 408.100000, 20.400000, 21.000000
10000, 0.250000, 5.799146, 0.466113, 10, 12.400000, 400.000000, 21.300000, 407.200000, 19.700000, 21.100000
10000, 0.250000, 5.876650, 0.477317, 10, 12.800000, 391.900000, 21.300000, 407.700000, 19.700000, 21.400000
10000, 0.250000, 5.769887, 0.491291, 10, 12.300000, 384.600000, 21.800000, 407.800000, 19.800000, 22.200000
10000, 0.250000, 5.814901, 0.478654, 10, 12.200000, 393.300000, 21.600000, 408.900000, 20.000000, 21.500000
10000, 0.250000, 5.777032, 0.477284, 10, 12.200000, 395.100000, 21.200000, 407.200000, 19.400000, 22.100000
10000, 0.250000, 5.664012, 0.485442, 10, 12.100000, 385.100000, 21.300000, 409.100000, 19.200000, 21.600000
10000, 0.250000, 5.715549, 0.491246, 10, 12.600000, 383.500000, 21.300000, 407.600000, 19.300000, 21.200000
10000, 0.250000, 5.898248, 0.464856, 10, 12.800000, 403.800000, 21.800000, 408.400000, 20.000000, 21.100000
10000, 0.250000, 5.758195, 0.483930, 10, 13.000000, 386.500000, 20.900000, 408.700000, 21.300000, 20.900000
10000, 0.500000, 7.805974, 0.191272, 10, 15.600000, 673.200000, 23.500000, 416.000000, 28.700000, 21.500000
10000, 0.500000, 7.847771, 0.171437, 10, 14.500000, 671.300000, 21.500000, 407.800000, 26.700000, 19.700000
10000, 0.500000, 7.929384, 0.173235, 10, 15.300000, 669.900000, 21.600000, 407.400000, 27.900000, 20.100000
10000, 0.500000, 7.790409, 0.192888, 10, 14.400000, 649.400000, 21.600000, 406.800000, 26.800000, 19.200000
10000, 0.500000, 7.885547, 0.191676, 10, 14.200000, 653.900000, 21.700000, 406.000000, 26.500000, 19.800000
10000, 0.500000, 7.843408, 0.177769, 10, 14.000000, 662.900000, 20.800000, 407.000000, 27.300000, 19.900000
10000, 0.500000, 7.827558, 0.175353, 10, 14.500000, 663.900000, 21.300000, 407.200000, 26.400000, 20.000000
10000, 0.500000, 7.811474, 0.183989, 10, 13.700000, 656.700000, 21.300000, 406.300000, 26.000000, 19.800000
10000, 0.500000, 7.873138, 0.186261, 10, 14.100000, 655.200000, 21.700000, 407.200000, 26.900000, 19.200000
10000, 0.500000, 7.895675, 0.192431, 10, 14.000000, 652.600000, 21.700000, 406.500000, 27.100000, 19.900000
10000, 0.750000, 8.516585, 0.036116, 10, 14.700000, 864.600000, 21.900000, 407.500000, 31.200000, 19.400000
10000, 0.750000, 8.526179, 0.037528, 10, 15.100000, 861.000000, 21.400000, 407.300000, 31.300000, 19.600000
10000, 0.750000, 8.523498, 0.037600, 10, 15.600000, 863.100000, 21.700000, 406.800000, 32.100000, 18.500000
10000, 0.750000, 8.535919, 0.044148, 10, 15.400000, 848.100000, 21.300000, 408.000000, 32.300000, 19.500000
10000, 0.750000, 8.541625, 0.033834, 10, 15.500000, 869.400000, 21.500000, 407.800000, 32.100000, 19.300000
10000, 0.750000, 8.526299, 0.043494, 10, 15.800000, 850.200000, 21.300000, 408.100000, 32.200000, 19.400000
10000, 0.750000, 8.527366, 0.040526, 10, 16.100000, 857.700000, 21.700000, 408.100000, 32.600000, 19.100000
10000, 0.750000, 8.515374, 0.038397, 10, 14.600000, 858.500000, 21.300000, 406.600000, 31.800000, 19.300000
10000, 0.750000, 8.529523, 0.042981, 10, 15.000000, 855.800000, 21.700000, 408.400000, 31.700000, 19.500000
10000, 0.750000, 8.538330, 0.048446, 10, 15.000000, 841.800000, 21.400000, 406.600000, 31.400000, 18.900000
10000, 0.800000, 8.579819, 0.026662, 10, 14.300000, 885.800000, 21.900000, 406.000000, 31.500000, 19.200000
10000, 0.800000, 8.575200, 0.020935, 10, 15.200000, 901.100000, 21.800000, 408.400000, 33.200000, 19.400000
10000, 0.800000, 8.576609, 0.021003, 10, 15.300000, 899.600000, 21.900000, 407.600000, 33.000000, 19.100000
10000, 0.800000, 8.584879, 0.025397, 10, 15.700000, 888.500000, 21.600000, 407.900000, 32.500000, 19.000000
10000, 0.800000, 8.575661, 0.024822, 10, 15.200000, 890.100000, 21.400000, 407.900000, 32.700000, 19.300000
10000, 0.800000, 8.580921, 0.025213, 10, 14.800000, 887.800000, 21.700000, 406.600000, 32.200000, 19.300000
10000, 0.800000, 8.587065, 0.024367, 10, 15.500000, 892.000000, 21.300000, 407.200000, 33.100000, 19.500000
10000, 0.800000, 8.577195, 0.025965, 10, 14.800000, 886.800000, 21.500000, 407.200000, 32.400000, 19.100000
10000, 0.800000, 8.584084, 0.031421, 10, 14.900000, 875.700000, 21.600000, 406.800000, 32.300000, 19.200000
10000, 0.800000, 8.571197, 0.024614, 10, 15.100000, 893.200000, 21.500000, 406.900000, 31.900000, 19.400000
10000, 1.000000, 8.643458, 0.000005, 10, 15.000000, 1008.900000, 21.200000, 409.400000, 35.000000, 20.000000
10000, 1.000000, 8.637375, 0.000019, 10, 14.800000, 1006.500000, 21.400000, 408.000000, 34.200000, 19.500000
10000, 1.000000, 8.631781, 0.000044, 10, 15.000000, 1015.600000, 21.600000, 408.400000, 34.100000, 19.000000
10000, 1.000000, 8.626092, 0.000089, 10, 14.200000, 1017.400000, 21.600000, 407.700000, 33.800000, 18.500000
10000, 1.000000, 8.645605, 0.000002, 10, 15.600000, 1013.400000, 22.000000, 408.400000, 34.600000, 18.800000
10000, 1.000000, 8.631918, 0.000015, 10, 15.100000, 1005.700000, 22.100000, 410.200000, 34.300000, 19.500000
10000, 1.000000, 8.646051, 0.000008, 10, 14.300000, 1009.700000, 21.400000, 408.300000, 33.900000, 19.600000
10000, 1.000000, 8.644045, 0.000027, 10, 14.400000, 1008.900000, 21.300000, 408.100000, 33.200000, 19.000000
10000, 1.000000, 8.640742, 0.000094, 10, 15.600000, 1020.100000, 21.500000, 409.700000, 34.800000, 19.100000
10000, 1.000000, 8.639674, 0.000186, 10, 14.900000, 999.400000, 21.400000, 408.800000, 34.100000, 18.800000
